USERNAME;JOB_ID;NODENAME;APPNAME;AVG.FREQ;TIME;CPI;TPI;GBS;GFLOPS_1_proces;DC-NODE-POWER;DRAM-POWER;PCK-POWER;DEF.FREQ;POLICY;POLICY_TH;TOTAL_INST;CORES
NA;46293;cmp2732.hpc.eu.lenovo.com;SSE2 DP ADD128;2388900;53.823802;0.470763;0.0;0.0;9.481273;240.767087;16.102742;199.526032;2400000;MONITORING_NO_EAR;0.0;256000000000;40
NA;46293;cmp2732.hpc.eu.lenovo.com;SSE2 DP MUL128;2391000;54.256581;0.475155;0.0;0.0;9.440677;249.997323;16.102134;203.504230;2400000;MONITORING_NO_EAR;0.0;256000000000;40
NA;46293;cmp2732.hpc.eu.lenovo.com;FMA DP FMADD128;2386800;53.808020;0.470786;0.0;0.0;18.971051;252.713257;16.151014;208.667791;2400000;MONITORING_NO_EAR;0.0;256000000000;40
NA;46293;cmp2732.hpc.eu.lenovo.com;AVX DP ADD256;2385300;53.809130;0.470770;0.0;0.0;19.033402;263.078032;16.156006;217.586482;2400000;MONITORING_NO_EAR;0.0;256000000000;40
NA;46293;cmp2732.hpc.eu.lenovo.com;AVX DP MUL256;2383500;53.808875;0.472881;0.0;0.0;19.031316;264.064246;16.181370;218.515979;2400000;MONITORING_NO_EAR;0.0;256000000000;40
NA;46293;cmp2732.hpc.eu.lenovo.com;FMA DP FMADD256;2386800;53.802678;0.470748;0.0;0.0;37.935893;272.365625;16.123898;225.456258;2400000;MONITORING_NO_EAR;0.0;256000000000;40
NA;46293;cmp2732.hpc.eu.lenovo.com;AVX-512F DP ADD512;2184000;58.810182;0.470796;0.0;0.0;34.822523;224.756999;16.114262;181.464796;2400000;MONITORING_NO_EAR;0.0;256000000000;40
NA;46293;cmp2732.hpc.eu.lenovo.com;AVX-512F DP MUL512;2184000;58.869272;0.471039;0.0;0.0;34.787839;223.817954;16.138157;181.235182;2400000;MONITORING_NO_EAR;0.0;256000000000;40
NA;46293;cmp2732.hpc.eu.lenovo.com;AVX-512F DP FMADD512;2184000;58.879660;0.471116;0.0;0.0;69.310529;235.344430;16.170523;189.554330;2400000;MONITORING_NO_EAR;0.0;256000000000;40
